{
    "drink": [
        {
            "name": "Black Coffee",
            "sugar": 0,
            "stock": 9
        },
        {
            "name": "White Coffee",
            "sugar": 4,
            "stock": 10
        }
    ],
    "food": [
        {
            "name": "Chips",
            "stock": 5
        },
        {
            "name": "Candy",
            "stock": 6
        },
        {
            "name": "Sandwich",
            "stock": 0
        }
    ]
}